productId,jumlah,alamatPengiriman,voucherCode
59697b45-a5ae-450a-a3b8-14ba92c92ddf,1,Jalan Margonda Raya,
d5ddd54e-e746-47d8-aad1-35f8f41049c2,1,Jalan Margonda Raya,
711cd41b-ffef-46ca-8675-03669146d561,1,Jalan Margonda Raya,
9f6e4090-7311-4d0b-b982-24c33cb1510f,1,Jalan Margonda Raya,
823be382-ec32-451b-b8c5-f0a4a8600dea,1,Jalan Margonda Raya,
afbcc80d-7745-48c8-8187-ca2e0e61fb85,1,Jalan Margonda Raya,
efc2b736-6a3e-4cb2-a892-1a90cbc2d14d,1,Jalan Margonda Raya,
11477ed5-3cf2-4fff-b0d8-145f3053c9fa,1,Jalan Margonda Raya,
d88837b7-f9f1-4791-8577-fb2e1dcf9a22,1,Jalan Margonda Raya,
dd3ec43e-d9e9-41f5-a0bf-b4898fc44f02,1,Jalan Margonda Raya,
2212d2f2-0ed4-42de-909e-5f2d8a9e0b94,1,Jalan Margonda Raya,
f0f1b090-5395-4ffa-ae73-0802785d62f9,1,Jalan Margonda Raya,
728b9401-510f-44f4-87b1-82cb1fe6abfa,1,Jalan Margonda Raya,
6338b94a-b1e9-4094-9827-d44c49231892,1,Jalan Margonda Raya,
19ecf4e3-0607-4942-a8f0-52fcb7d45b86,1,Jalan Margonda Raya,
1d8d73a0-128f-471e-b6bf-8b66ee4a2d38,1,Jalan Margonda Raya,
5339a667-3ca3-4fa2-af16-9c39133063c2,1,Jalan Margonda Raya,
934a488a-af40-4f4a-a05c-528fe0ec8b23,1,Jalan Margonda Raya,
98c621e6-c8de-4a8e-b980-4658229a594d,1,Jalan Margonda Raya,
28b1b34f-0c2a-42e4-9e93-078d4ec322c9,1,Jalan Margonda Raya,
